Jamie:jamie@mtu.edu
Jon Jay:jonjay@mtu.edu
Evan:evan@mtu.edu
Joe:joe@mtu.edu
Jimmy:jimmy@mtu.edu
Johnny:johnny@mtu.edu
Jack:jack@mtu.edu
James:james@mtu.edu
Katie:katie@mtu.edu
Jim:jim@mtu.edu
Jimmy:jimmy@mtu.edu
Siddhesh:sdmahade@mtu.edu
Pierre Louis:pierrelouis@mtu.edu
